path	size_bytes	sha256	role
.dockerignore	189	d1e11cf30ff73c035b25c1aa91ed529be6bd3bcc668ef1713269a87efcc5f68c	repository-root
.env.example	1220	ad9dfaed230c7e03051045377f1cf0664759a7492ca74ea2e460b8b3895733c5	repository-root
.gitattributes	649	33184d32b64b1b8b08485d10af623a0ab85079f3906d2abe2ff8bdc2cc8f0c88	repository-root
.github/workflows/ci.yml	7126	81370ecbbe78255c9fcddc1cb3bfadc0b420b16b59f1cbd4db51a009108a1fc0	active-ci
.gitignore	577	57447265512dbd59676dc89e554ec772558e543470d932f13b7e76e3854791b1	repository-root
AGENTS.md	1887	6b0f2950044806d7960ab4fad453a6b6507ef4121a96dbb587da10e08b43e9aa	repository-root
archive/chat-transfer-2026-09-12/00_START_HERE.md	5905	88a9eab348c83438fc1ef9fcb05f403d2d1077d9e1c7c2625dd2c77f795083e3	historical-reference
archive/chat-transfer-2026-09-12/01_MASTER_SPEC/PromptMaster_MASTER_SPEC_V1.0.md	46369	e5e6491322fc8d75c5086cc737743cbb55d0e7dcf806e515e5d62a8791d248fc	historical-reference
archive/chat-transfer-2026-09-12/02_LATEST_RC8_DOCUMENTATION/AGENTS.md	1011	144753b64981cac6fb351dfe33cd967a934b2fc6a6ee1b08fa3aecab88a07421	historical-reference
archive/chat-transfer-2026-09-12/02_LATEST_RC8_DOCUMENTATION/README.md	1145	bfb965c00257cb0b5127f9cc10c233fc5dbeea2c2d88b968b7eb89fcbae82336	historical-reference
archive/chat-transfer-2026-09-12/02_LATEST_RC8_DOCUMENTATION/SPEC.md	46369	e5e6491322fc8d75c5086cc737743cbb55d0e7dcf806e515e5d62a8791d248fc	historical-reference
archive/chat-transfer-2026-09-12/03_PHASE2_ACTUAL_CODE_BASELINE/PromptMaster_V1_Phase2/AGENTS.md	1011	144753b64981cac6fb351dfe33cd967a934b2fc6a6ee1b08fa3aecab88a07421	historical-reference
archive/chat-transfer-2026-09-12/03_PHASE2_ACTUAL_CODE_BASELINE/PromptMaster_V1_Phase2/compose.staging.yaml	430	5e80346f0e3e5cd261a1da73b582278fbb84bbe3f085ab0763a074037748c0ab	historical-reference
archive/chat-transfer-2026-09-12/03_PHASE2_ACTUAL_CODE_BASELINE/PromptMaster_V1_Phase2/compose.yaml	3907	291f894c3a805963999662d99d6a50ea92e3e5f1a0ed3675dbd164aa5cfa06b0	historical-reference
archive/chat-transfer-2026-09-12/03_PHASE2_ACTUAL_CODE_BASELINE/PromptMaster_V1_Phase2/Dockerfile	490	1d3799eab29c85db8070d9a23413f16141fba23784b28a3ccf8c8d9f381fc3b4	historical-reference
archive/chat-transfer-2026-09-12/03_PHASE2_ACTUAL_CODE_BASELINE/PromptMaster_V1_Phase2/README.md	3009	8f48b1e20e46d013b2455fa0115ac2d026afcead8baf4c820281ec5f0a12be5d	historical-reference
archive/chat-transfer-2026-09-12/03_PHASE2_ACTUAL_CODE_BASELINE/PromptMaster_V1_Phase2/scripts/bootstrap.sh	2677	904dcb6ee5a859558ee8eea06fdfff1532bf2c3e7f42c30b0aa4b010437f7f34	historical-reference
archive/chat-transfer-2026-09-12/03_PHASE2_ACTUAL_CODE_BASELINE/PromptMaster_V1_Phase2/SPEC.md	46369	e5e6491322fc8d75c5086cc737743cbb55d0e7dcf806e515e5d62a8791d248fc	historical-reference
archive/chat-transfer-2026-09-12/04_UI_PROTOTYPES/promptmaster-prototype-v1/app.html	42956	5092fd0ae3ee0c2a97a41df90587282db6bbfced9cbea4c7803d2e71ea4c1b82	historical-reference
archive/chat-transfer-2026-09-12/04_UI_PROTOTYPES/promptmaster-prototype-v1/index.html	3088	58284c1532110e78a61e76d780b8ebfa04d8e3d0d48fff170145c228bf8ee3d4	historical-reference
archive/chat-transfer-2026-09-12/04_UI_PROTOTYPES/promptmaster-prototype-v1/kundenportal.html	188	fa8c1a28bf28f022ce17510ee5d56979ad3e6b46cf0e5fd7c5935a7c5256684e	historical-reference
archive/chat-transfer-2026-09-12/04_UI_PROTOTYPES/promptmaster-prototype-v1/netstyle-admin.html	202	105251479d81fd8937acd680668e28dcd0da2a29d297c603c0fd82dc4a247d66	historical-reference
archive/chat-transfer-2026-09-12/04_UI_PROTOTYPES/promptmaster-prototype-v1/README.md	1164	de2ba8b9407d9b1cebf37b87982a3f12f67e3575f63492fed738d4a4b147bf25	historical-reference
archive/chat-transfer-2026-09-12/04_UI_PROTOTYPES/promptmaster-prototype-v1/SPEC.md	1371	831bc744acfe383312227ccd072fc6b11f75eacd434a9480efc0f8a0b9e40c3d	historical-reference
archive/chat-transfer-2026-09-12/04_UI_PROTOTYPES/PromptMaster_Kundenportal.html	42660	8472907d76febc0698b82db2fef3b6a8ef73163941152ff98ed415a7f80404be	historical-reference
archive/chat-transfer-2026-09-12/04_UI_PROTOTYPES/PromptMaster_netstyle_Admin_V2.html	21426	75b547934f2166560acc3cd4687cba10b1f061e050e743121ff72584aea6dd42	historical-reference
archive/chat-transfer-2026-09-12/05_DESIGN_REFERENCES/1000279014.png	440658	afeba547d12ae353dfdb84111473100aa4b680139eaa2eb7fc3689616d849714	historical-reference
archive/chat-transfer-2026-09-12/05_DESIGN_REFERENCES/a_detailed_infographic_style_project_plan_and_ui_u.png	1905661	07589b65f55ff6386edaa6f075c92c41626bbb3e719f8e4438952f3e58ba652d	historical-reference
archive/chat-transfer-2026-09-12/05_DESIGN_REFERENCES/a_detailed_ui_design_mockup_image_showing_a_saas_a.png	1519230	4fd621f222148dc242a0f74bcba251ce2c983a3a5a5ceddee3b0c18b756a12df	historical-reference
archive/chat-transfer-2026-09-12/05_DESIGN_REFERENCES/a_large_clean_modern_ui_ux_design_presentation_b.png	1888314	d3694fe7ecc82688d036ec0065782a0fe91aaef7c87ff1835a36519df34adc49	historical-reference
archive/chat-transfer-2026-09-12/05_DESIGN_REFERENCES/a_large_high_resolution_ui_ux_presentation_board.png	1989353	324d1925c1f28e1081322f2c0b56a83d0d842138e771dee01b00b5362757815a	historical-reference
archive/chat-transfer-2026-09-12/05_DESIGN_REFERENCES/a_large_multi_panel_ui_ux_design_presentation_post.png	1871105	44435260466d04ab52a194ecd6bfa6c48a5d87bc25317276bd11fca6ebcf34a0	historical-reference
archive/chat-transfer-2026-09-12/05_DESIGN_REFERENCES/a_wide_high_resolution_infographic_dashboard_ui_u.png	1963359	87847e3255c3b934cce0a67508851a5a515dcac5e16bfdd74a58ddac904641d7	historical-reference
archive/chat-transfer-2026-09-12/05_DESIGN_REFERENCES/logo_crop_final.png	27864	2224b72940ec799322fe635c9604034e98ad90022c21d79da9f820e4ab40ed0e	historical-reference
archive/chat-transfer-2026-09-12/05_DESIGN_REFERENCES/promptmaster_admin_dashboard_auf_desktop_und_mobil.png	1528049	5b6e3b36d5e56b530965094a8b78b7d7f26c55395b3b33e8539ccb5e34bf00be	historical-reference
archive/chat-transfer-2026-09-12/05_DESIGN_REFERENCES/wide_clean_high_tech_ui_dashboard_mockup_collage.png	1639712	353153fac0b7c6961789988751f374572d20e8c6f0c44982364a5fa233271389	historical-reference
archive/chat-transfer-2026-09-12/FILE_INVENTORY.md	2491	08545951cfbd0a1ad6a51451a52fbd63125aa1f5bf3290a3796d928a9fb5831a	historical-reference
archive/chat-transfer-2026-09-12/MANIFEST.json	6452	95a4c7b9edb6e28df25cf068c45d58b3f3335e92ae5779c0e9814368f656567f	historical-reference
archive/chat-transfer-2026-09-12/SHA256SUMS.txt	3946	6b320c6ace63dc1d724b6fcd69e589230e5b8dffa0bdafb636243b03a40cbeef	historical-reference
backend/apps/__init__.py	0	e3b0c44298fc1c149afbf4c8996fb92427ae41e4649b934ca495991b7852b855	active-backend
backend/apps/accounts/__init__.py	0	e3b0c44298fc1c149afbf4c8996fb92427ae41e4649b934ca495991b7852b855	active-backend
backend/apps/accounts/admin.py	244	19b991fc1d5296b1ac3bb658ad3cbbe9ccec4b98dd79a5f19b80cd7d6a1b12ac	active-backend
backend/apps/accounts/apps.py	147	d43a7d7232a19f1920f89ab8875302d1a49fda2bc6f4c17aa326974ea9fbf618	active-backend
backend/apps/accounts/forms.py	3230	46fb507f77a1376418d9dba1248eae7b586b0958baeeccd49d0bde9a1fef4363	active-backend
backend/apps/accounts/management/__init__.py	0	e3b0c44298fc1c149afbf4c8996fb92427ae41e4649b934ca495991b7852b855	active-backend
backend/apps/accounts/management/commands/__init__.py	0	e3b0c44298fc1c149afbf4c8996fb92427ae41e4649b934ca495991b7852b855	active-backend
backend/apps/accounts/management/commands/bootstrap_admin.py	2469	beda1486a8706bbfd03dd6ccb0a0fd4c8401055d710eebcee5c099431f598491	active-backend
backend/apps/accounts/middleware.py	2977	fc602a8ab52d2419d27dfc9cc68d5a7b8b73f5795ce1719c67d5c3935abfc463	active-backend
backend/apps/accounts/migrations/0001_initial.py	4839	c8aaa69f090ff7177c3d8e4af18cacf0bb6d8bc9605f5cee9f4b766262fb16af	active-backend
backend/apps/accounts/migrations/0002_alter_user_groups.py	640	26856437e9b50145c1ea7f650b8c365247541a76a392348dbf5b6fd76f4d6971	active-backend
backend/apps/accounts/migrations/0003_totp_replay_protection.py	394	a74505922a8023fa5f30b5cc9d8d5e86f0f623b2402f6627f3645f77f7382a3b	active-backend
backend/apps/accounts/migrations/__init__.py	0	e3b0c44298fc1c149afbf4c8996fb92427ae41e4649b934ca495991b7852b855	active-backend
backend/apps/accounts/models.py	2623	78f6480cac68070e3fdd5e89e5c22aa45403ae94d2f20511ce03961d3b1b6b63	active-backend
backend/apps/accounts/security.py	1935	2b7c82f9c5cda7c9d1594e740e42379e38fd30fe70455710537ba3cac84afe1f	active-backend
backend/apps/accounts/tests.py	356	a3d9928c67add4d28170f4384d066621ddccf692c77c4ce73e8c2eab6b42d1a6	active-backend
backend/apps/accounts/tests_invitation_http.py	5689	d4bb306fa3054f5e82fd1379ba4f92ff24ac40dbf0ef72bc5b7a8b589cb2c00e	active-backend
backend/apps/accounts/tests_security.py	3169	23d44379716c3418679375c73c4d7b8195d39c51b00e0b8596cb1962b67f5c7a	active-backend
backend/apps/accounts/totp.py	906	100b45dbb78aa2a3cbf9025ace81348bf8059a304b41eb305677f9dfca3e502a	active-backend
backend/apps/accounts/urls.py	822	ee957faaef55e00f47be4f3b924f2a7f28c679d58bb0548b22f7467f14e81e50	active-backend
backend/apps/accounts/views.py	17888	22fef67aeeb11f2e849e9aafe0cddef7330312ad29e0512b7cab992b66aae172	active-backend
backend/apps/audit/__init__.py	0	e3b0c44298fc1c149afbf4c8996fb92427ae41e4649b934ca495991b7852b855	active-backend
backend/apps/audit/admin.py	96	840c78e634dfea6e8e93fa79c11af0432688849b96bb2445c58cc498b2964746	active-backend
backend/apps/audit/apps.py	141	551f61840d27e0878f76e8aa61886a68e5449efd00876a498c27bbec21443cab	active-backend
backend/apps/audit/migrations/0001_initial.py	1261	f948c18fe71b4559eab97228d63ee8d6dd068c0ff6a8a433d420042bee557b6c	active-backend
backend/apps/audit/migrations/0002_rename_audit_a_action_idx_audit_audit_action_0c0ad1_idx_and_more.py	568	54d0b70aaeee725abdfca857091d62f67b374c0912f4534b6b369c6549d20c66	active-backend
backend/apps/audit/migrations/0003_remove_historical_prompt_content.py	955	c3d6cb1d4f4f365211266e73ca3c1e48a4b4d63f2e80b1211aa92726caf5565a	active-backend
backend/apps/audit/migrations/__init__.py	0	e3b0c44298fc1c149afbf4c8996fb92427ae41e4649b934ca495991b7852b855	active-backend
backend/apps/audit/models.py	1546	da5d07757c646e8854bd3f23e1bfa0d66b1ce6ed39861746940c6df3641d4858	active-backend
backend/apps/audit/services.py	1442	1d3dfd36ff3b4d30cf13cd15364fe1a59e0d7afc4727b9483eff27bc43ab795e	active-backend
backend/apps/catalog/__init__.py	0	e3b0c44298fc1c149afbf4c8996fb92427ae41e4649b934ca495991b7852b855	active-backend
backend/apps/catalog/admin.py	270	5434cd9f980e5f76517ca912c8cbfe2894c1475a8983185c4ca84a3dcfc13ac5	active-backend
backend/apps/catalog/apps.py	145	57944591d8628419ff3620659dcb3ceea6c9ddd40c72dae76538d5cb6bf22881	active-backend
backend/apps/catalog/migrations/0001_initial.py	4403	4030a6cce8a2332b66c0a5e438c38b1c491a1828f588f67868eb778b032d6fe3	active-backend
backend/apps/catalog/migrations/0002_rename_catalog_pp_stream_idx_catalog_pro_product_2e5f65_idx.py	398	6057623d904e5279af6eb8322505f79460e63f6ad8b94616ca46ec36845fe5d3	active-backend
backend/apps/catalog/migrations/__init__.py	0	e3b0c44298fc1c149afbf4c8996fb92427ae41e4649b934ca495991b7852b855	active-backend
backend/apps/catalog/models.py	4711	9ec3cfb9e7628225e8bf73355b9cc64cb11f02cce50ed788728a2bc23e3920c9	active-backend
backend/apps/catalog/services.py	1800	eb4d01361831e084702d564652e454013523551c7c2b05c03eaa10004efce53e	active-backend
backend/apps/companies/__init__.py	0	e3b0c44298fc1c149afbf4c8996fb92427ae41e4649b934ca495991b7852b855	active-backend
backend/apps/companies/admin.py	243	e67cb19682ffe70255d2d6ef3c27286fba6c2ca687453ce834c78fc744794f43	active-backend
backend/apps/companies/apps.py	149	dd30f96e5884b78b90b57b3668b6e0639b05189356a3032d0602c4467bfa68ab	active-backend
backend/apps/companies/forms.py	2133	aa2bee39bec6c440e6a94fea3bd85ef307ae2091d4146beafe0d0546b3f97dff	active-backend
backend/apps/companies/migrations/0001_initial.py	4658	dbe6eb88e69b61ef149fd5d7ba88aebf540b10e5e53a94eb106d033327b23cbc	active-backend
backend/apps/companies/migrations/0002_rename_companies_c_name_idx_companies_c_name_2d8260_idx_and_more.py	935	61214c81793e1edee3cc7a76394549eaaf762019611dd2c2943b728b2d48509c	active-backend
backend/apps/companies/migrations/__init__.py	0	e3b0c44298fc1c149afbf4c8996fb92427ae41e4649b934ca495991b7852b855	active-backend
backend/apps/companies/models.py	4477	5f8f0ebd6de05ff721fdad27ba1a5fa7f0525b7802a429b24bbeaefe0f2cac2d	active-backend
backend/apps/companies/portal.py	37351	b32d0b48422b830ce1db6f3ddc139d7789bbe219b97cc31e2ca70814f950359b	active-backend
backend/apps/companies/portal_urls.py	1972	bb8de83592080cc9610465cedc11c23013f263e5835d253db3e1a7482a59a755	active-backend
backend/apps/companies/services.py	3187	a536c08fac5295beb1eb70cc08eb5cc980dec2152dc3c1485b237849774ed394	active-backend
backend/apps/contenthub/__init__.py	0	e3b0c44298fc1c149afbf4c8996fb92427ae41e4649b934ca495991b7852b855	active-backend
backend/apps/contenthub/admin_urls.py	329	e85cc9b995e5b209ee021364bf0d2e64b5261a28bff3d61612cf033a269ebf91	active-backend
backend/apps/contenthub/admin_views.py	2363	4f7870777062ab1ecddebb84c07d9884ea2886c4ee432dfb99ca5c44d34d96db	active-backend
backend/apps/contenthub/api.py	828	8a131b12c29948a1658b968024040a477a7d97d6bea6adf0f9ffda16b655fb22	active-backend
backend/apps/contenthub/api_urls.py	131	d29d503fa2b8f55fcc6c852c284c74f4c5764acdfc2da38c28f61a033b7dc1b8	active-backend
backend/apps/contenthub/apps.py	195	dd818a1c243083309d4eec56c2c0b6a0ada2bff6f515d4dfb4b2ea7c621d3b39	active-backend
backend/apps/contenthub/forms.py	282	b8dea318fb464711df2e62a380a30c634d8c3defc5271aba3b71d97a0c3035c9	active-backend
backend/apps/contenthub/management/__init__.py	0	e3b0c44298fc1c149afbf4c8996fb92427ae41e4649b934ca495991b7852b855	active-backend
backend/apps/contenthub/management/commands/__init__.py	0	e3b0c44298fc1c149afbf4c8996fb92427ae41e4649b934ca495991b7852b855	active-backend
backend/apps/contenthub/management/commands/seed_faqs.py	1763	4ea238f79d1093bd1a6b3b0b4053a48ba3c8a56970008b60f9533288105bdd57	active-backend
backend/apps/contenthub/migrations/0001_initial.py	1299	08542bb32bc29b2b97c2faa57911b684f075bc87e6b29121317908c7fb6fa991	active-backend
backend/apps/contenthub/migrations/0002_rename_contenthub_f_audienc_46b102_idx_contenthub__audienc_bc5020_idx.py	407	4749fa093905438cefb6193f58df0589f9723ec62cbd31eed32fd93da3975bf7	active-backend
backend/apps/contenthub/migrations/__init__.py	0	e3b0c44298fc1c149afbf4c8996fb92427ae41e4649b934ca495991b7852b855	active-backend
backend/apps/contenthub/models.py	787	341ec2e071492af1f244b388de1cf126289a7b5517ffaf3c271353b6f6327379	active-backend
backend/apps/contenthub/tests.py	1268	7cda88a698efe4ac07a8c2ea66f60eb51e5f890516e20f09463fbb7f05558b90	active-backend
backend/apps/core/__init__.py	0	e3b0c44298fc1c149afbf4c8996fb92427ae41e4649b934ca495991b7852b855	active-backend
backend/apps/core/admin_forms.py	8687	b839e61b9a1fe19d172ff99d4032b44089ea5276bc230e631dbd4ed031744977	active-backend
backend/apps/core/admin_urls.py	5846	c06689e8b4a809e5e8513c8f80269c2d7aad6a914e2a80d0d369f796e9789ee9	active-backend
backend/apps/core/admin_views.py	54457	1ed8a0b89d68d4a9a9f95017a3175aca0a46a0a6d61f56743ee59ba57a6bec04	active-backend
backend/apps/core/apps.py	210	8134ed07155edcd5917919300abfbad09d504b9390c59be5733a5c4132c57b24	active-backend
backend/apps/core/checks.py	1150	ac8bc9a61a89a3bb5b1cac9436885b4c77aa99d98e95f78742ae025a1fedf6ab	active-backend
backend/apps/core/context_processors.py	747	09659e56cf02408ea2d27de161700bbb995b72863389b5a096adab884356bbb5	active-backend
backend/apps/core/crypto.py	558	3b3ddd3e5c6e4cf64d0969ff7726f3062a8641e6281cd2bb239b0ce0d0042f16	active-backend
backend/apps/core/datagrid.py	5063	a84d1ae2dfa0c58f7d6c457f052c81ff78b259486ac21be91a6d8c0ffedd3b6c	active-backend
backend/apps/core/management/__init__.py	0	e3b0c44298fc1c149afbf4c8996fb92427ae41e4649b934ca495991b7852b855	active-backend
backend/apps/core/management/commands/__init__.py	0	e3b0c44298fc1c149afbf4c8996fb92427ae41e4649b934ca495991b7852b855	active-backend
backend/apps/core/management/commands/seed_defaults.py	5183	2fa34881682f6e782b892a5fbf719394d3f185606b2e9212f668ef9f0467b534	active-backend
backend/apps/core/middleware.py	2190	d42f1a76084aa03e3ed0cf3be48b7dc927720f0e64acddf76d8fce1c70777fc8	active-backend
backend/apps/core/migrations/0001_initial.py	752	30baa368b096bb6360a19ff9cc37b667aa5e16b97164c4720d06003c0dd172a8	active-backend
backend/apps/core/migrations/0002_search_indexes.py	2232	7f2f26d9214308e9f5d06a6d772f1d6e71411c35c340bd3c36f18f155d27b86b	active-backend
backend/apps/core/migrations/__init__.py	0	e3b0c44298fc1c149afbf4c8996fb92427ae41e4649b934ca495991b7852b855	active-backend
backend/apps/core/models.py	579	3a308554de512d5c8a0cca800fc3755448414c2098c2db896b850a4a58adf80d	active-backend
backend/apps/core/permissions.py	586	b6d893523a3ed9c5e51fc76779a189edf8929c4dd611e01d7f94a99fecce0427	active-backend
backend/apps/core/security.py	1848	50d23b6013ab3879ce733bc0c98dc641f868f736c130686ec74251503b48c4d3	active-backend
backend/apps/core/settings_store.py	389	84e6673b306c3fb15add41f9cc461cdc626d2e22858b88869464d10c72cc2500	active-backend
backend/apps/core/templatetags/__init__.py	0	e3b0c44298fc1c149afbf4c8996fb92427ae41e4649b934ca495991b7852b855	active-backend
backend/apps/core/templatetags/pm.py	2473	e05d823315a4cc8054ee82cb56714afaa0d50fb21fe2de18d36601df8974d297	active-backend
backend/apps/core/tests.py	6784	124513218876c4455b00a8d63fdaee52f2d9573dd365e74cfff09508fb106975	active-backend
backend/apps/core/tests_marketing_integration.py	2204	b3c651dfe1b75096004c4fe78738723cb5d4bc5f8de99e6d45fede4cfa6359e8	active-backend
backend/apps/core/tests_permissions.py	1872	a8ebca460fc07a95e4e3e75e5e26cf4fa000d8713e8251cebe21e9d6893d13a2	active-backend
backend/apps/core/tests_release_rules.py	12036	d063b54804c4d75338c3894b7f3e3a49866210a8dbfd912208f971ebad66b990	active-backend
backend/apps/core/views.py	4155	f9d224673242716285a6b504385202028563797f427e048f1d2eeb996a8af839	active-backend
backend/apps/devices/__init__.py	0	e3b0c44298fc1c149afbf4c8996fb92427ae41e4649b934ca495991b7852b855	active-backend
backend/apps/devices/admin.py	112	a1bf059a584a2d74f1983220170352703a4e63fcb1ddf2756a8a18c94baef4a9	active-backend
backend/apps/devices/apps.py	145	4e70ac9688181358f0dc1c81a8a4ab6f3899886547ec127c52cdec24131299bc	active-backend
backend/apps/devices/migrations/0001_initial.py	1243	5d3673ec735416f044d7726bd8030112df33e19c412e89cc843c9a6eabd7d1ce	active-backend
backend/apps/devices/migrations/0002_rename_devices_d_user_idx_devices_dev_user_id_40cac7_idx.py	401	e204f796510bbd73024e90da9e4491505401aa20694be04e542906144104d474	active-backend
backend/apps/devices/migrations/__init__.py	0	e3b0c44298fc1c149afbf4c8996fb92427ae41e4649b934ca495991b7852b855	active-backend
backend/apps/devices/models.py	745	0d07904e9838650423ca62cfb2aa8e47eac8d976f56858d14bd41de618b45366	active-backend
backend/apps/devices/services.py	3147	dfbe9ba3ff51606109e3d97c9d816b27c123522806cef81d5d43bbe47d49c73f	active-backend
backend/apps/integrations/__init__.py	0	e3b0c44298fc1c149afbf4c8996fb92427ae41e4649b934ca495991b7852b855	active-backend
backend/apps/integrations/admin.py	161	f2fc21da8eb5def558e6e874c3a1f0cc0e3b6fed8c0ce7ad36916ac51a6fb21a	active-backend
backend/apps/integrations/apps.py	155	8d8ca8738003d4c566c7d994ab935b850aa49350eaac370ce1fae3cb03e81f3e	active-backend
backend/apps/integrations/migrations/0001_initial.py	1129	f364f3d88237a8f4b240d1e1d08fdc1497a573412a21753c61bdd551ad3f0c77	active-backend
backend/apps/integrations/migrations/__init__.py	0	e3b0c44298fc1c149afbf4c8996fb92427ae41e4649b934ca495991b7852b855	active-backend
backend/apps/integrations/models.py	592	2eb2f62b6b7636091c8bfc7dbd2d4616dad66cbf5fb8b0c9f40f3e4cae981560	active-backend
backend/apps/integrations/services.py	472	91e3b275b022acad626e98cf96f3f9bee480e9f99bbcf0981754f0b184bf3e69	active-backend
backend/apps/legal/__init__.py	0	e3b0c44298fc1c149afbf4c8996fb92427ae41e4649b934ca495991b7852b855	active-backend
backend/apps/legal/admin.py	261	e6a27fd2f26857faeab92437d7490e08cf0134bcd857b6c64519797ad9a285cf	active-backend
backend/apps/legal/apps.py	141	4156c63f9edf981faf3e68b7ce523f34fdfb98dfc0edb2205c3b419ec156d667	active-backend
backend/apps/legal/migrations/0001_initial.py	3147	0a5dacd95c41a5dc885452ce4d9274cf732f6ca8c381bfe68fde243e31e31220	active-backend
backend/apps/legal/migrations/__init__.py	0	e3b0c44298fc1c149afbf4c8996fb92427ae41e4649b934ca495991b7852b855	active-backend
backend/apps/legal/models.py	2371	334cf9c92285259865fe4c1178e215dd88b4398bd176628c4997679dd9e9ff08	active-backend
backend/apps/legal/services.py	4078	d2eaf3ed81a668f7bd58b11b5a54e76d07e3f0f550b4e944f2abfea4b9ce5701	active-backend
backend/apps/legal/tasks.py	2827	ac053a7e42a3f0fc773495e62b980d2cb002c92a6c353a8ae519fed02a6a8209	active-backend
backend/apps/licenses/__init__.py	0	e3b0c44298fc1c149afbf4c8996fb92427ae41e4649b934ca495991b7852b855	active-backend
backend/apps/licenses/admin.py	245	ec7978ebb2e4242113c42472236b8d630a94805bf5348c7d11a6d992019abdbe	active-backend
backend/apps/licenses/apps.py	147	5613381f28d547f39fd46b2bef8057da7f915e41f99f7abc213c3b20bc849f8f	active-backend
backend/apps/licenses/migrations/0001_initial.py	3835	43478baed265d8b10e8ac50c85bf421fe40d530ad8360d946c9eb2d808bd5299	active-backend
backend/apps/licenses/migrations/0002_licenseterm.py	1324	bfdfeae64c8a3fbccebe94fdcb5685898a1beb8ab37df3df64fce5703378f41b	active-backend
backend/apps/licenses/migrations/0003_licenseupgraderequest.py	2481	3a50c753eb0aec821b88325fc529dda465bf78e21e0207969d654d2c1cd686c1	active-backend
backend/apps/licenses/migrations/0004_licenseassignmentlink.py	2227	34982b2538e4d68cb6410540afa939c4a04435e5a401cdf6e21fb0b215d7ae19	active-backend
backend/apps/licenses/migrations/0005_rename_licenses_l_status_idx_licenses_li_status_3263d5_idx_and_more.py	1175	8daa3556c128041fa2c4b6ef7a92cebfd67dd7f89de70268d526c65c1f6376bb	active-backend
backend/apps/licenses/migrations/__init__.py	0	e3b0c44298fc1c149afbf4c8996fb92427ae41e4649b934ca495991b7852b855	active-backend
backend/apps/licenses/models.py	8247	fb2fae27424315e4b2f93bbe658c4feb6fafb12e12f0ffae016c4c5e3856cae6	active-backend
backend/apps/licenses/services.py	12182	8ac0a3ef910cc342343649bc2f49a04ae6da9b51dbe07b122bdfa53fe79ff50d	active-backend
backend/apps/mcp_internal/__init__.py	0	e3b0c44298fc1c149afbf4c8996fb92427ae41e4649b934ca495991b7852b855	active-backend
backend/apps/mcp_internal/apps.py	205	03c3075359518bcf0458759fae83ab456cf2819613756c3a6abe30b543f86170	active-backend
backend/apps/mcp_internal/tests.py	4562	9457b70e801d4a50029a7e1b42a26a43e17ded7c5994270505f81cc285c09964	active-backend
backend/apps/mcp_internal/urls.py	192	b9c7456c9ed1b97b8fba1c7ab178db134b7bf6beb60410d082f33ebddf3f26cb	active-backend
backend/apps/mcp_internal/views.py	10553	500f38a174a41832b432995c10127181f3d468f04f1e3e4e1a31e180fff70342	active-backend
backend/apps/notifications/__init__.py	0	e3b0c44298fc1c149afbf4c8996fb92427ae41e4649b934ca495991b7852b855	active-backend
backend/apps/notifications/admin.py	149	e7bc8c0fd4f090ebf2e31288805dd7ad574104bfb94d1bb7382915e11f6fba2f	active-backend
backend/apps/notifications/apps.py	157	5c64dfd8bf36240013fc6cb20d7977f8bfed4d3553ffcd6a45dc7d83ab7cff4a	active-backend
backend/apps/notifications/migrations/0001_initial.py	1494	3093ca30120c6d8d6b2178168a12234cecfb791426dce94b6a15fdd3bf210a92	active-backend
backend/apps/notifications/migrations/__init__.py	0	e3b0c44298fc1c149afbf4c8996fb92427ae41e4649b934ca495991b7852b855	active-backend
backend/apps/notifications/models.py	857	7c0db142317e5765bf04bad9342d72f344406f8e860348f935fc17473c4490f5	active-backend
backend/apps/notifications/services.py	3637	c148be61c8e7f6fda2d59dea479b7419ed30b1fef7c5d8972189486d94622a98	active-backend
backend/apps/notifications/tasks.py	6852	82b984307f22d22f6266aed9aa25439ba076eafa2dca196ad587b6a28bd825b3	active-backend
backend/apps/ops/__init__.py	0	e3b0c44298fc1c149afbf4c8996fb92427ae41e4649b934ca495991b7852b855	active-backend
backend/apps/ops/admin.py	337	6b8ade16956ad808c190a01d1ca813fd7869b5993d56b416437eb9ac871f20e2	active-backend
backend/apps/ops/api.py	7924	eb1851f5396078aa538ffa7b9432b713a7b64daf100499a87e569539733b6215	active-backend
backend/apps/ops/api_urls.py	541	625387664fd7d0b80426ec90268c6f7f9df30b119a7ed4adaac04991d6d6734b	active-backend
backend/apps/ops/apps.py	882	d7b4046ba08e2e0c3124270bef961c830b3b6bbe637a8c963bedb5c07f8dd9c0	active-backend
backend/apps/ops/auth.py	956	c15eecc673649962b3a930284059ceafc4b4320adb19a74aa1c5598d5f782273	active-backend
backend/apps/ops/metrics.py	5581	d62ebef201c20b475b4c16e3a4a8dc4cf7ac376359076853f1a74fbde55c893b	active-backend
backend/apps/ops/migrations/0001_initial.py	3091	029a74079262e84810d75c82a1524b47adddae62ef6bb549552197bb2a8d1a1d	active-backend
backend/apps/ops/migrations/0002_beatheartbeat.py	774	ab33f4fe125cedab58f52027716cb0538697e1a4f19de0765e7b8972a598ad4b	active-backend
backend/apps/ops/migrations/0003_rename_ops_alert_state_idx_ops_systema_active_99d084_idx_and_more.py	579	a7b51d9e779da89e8ecb5f53f18a1597efbae2be6110802d7738827e3e23ff54	active-backend
backend/apps/ops/migrations/__init__.py	0	e3b0c44298fc1c149afbf4c8996fb92427ae41e4649b934ca495991b7852b855	active-backend
backend/apps/ops/models.py	2687	90acff0d1215941be9a6d5f5c7bd544a5a99fa64daceda5d4fc6c8d2766cc07e	active-backend
backend/apps/ops/tasks.py	9146	6b50041955d96366b489310d39dcdf615107e24c666d39da4b562b2f562693c6	active-backend
backend/apps/orders/__init__.py	0	e3b0c44298fc1c149afbf4c8996fb92427ae41e4649b934ca495991b7852b855	active-backend
backend/apps/orders/admin.py	127	c8c44d049b39b63c75d696bab2261c8b5c5191da028671225d4a8c4666530dbd	active-backend
backend/apps/orders/apps.py	143	f669fdeb427d9873fed2994f70dcc640d3dab9b317e424cb7184898492697c9b	active-backend
backend/apps/orders/forms.py	1349	3ec02e3e6edc929907e32e6f21a72923b841866ce894286b21decf2452486275	active-backend
backend/apps/orders/migrations/0001_initial.py	3309	6392d15d9b966ddf8c2cb679806f6fe02b7ce75c0cd6c470fff4d63b261ab1e4	active-backend
backend/apps/orders/migrations/0002_rename_orders_o_status_idx_orders_orde_status_25e057_idx.py	387	2ca9912178b3adaf6d70e816c5610e11e363ce94f485fdc5ebf16275bc78b582	active-backend
backend/apps/orders/migrations/__init__.py	0	e3b0c44298fc1c149afbf4c8996fb92427ae41e4649b934ca495991b7852b855	active-backend
backend/apps/orders/models.py	3103	f18b7a3d9a02ed3ca75cdc1fb05dd80290045bdbc80ff8e28b9ec36f1403e858	active-backend
backend/apps/orders/services.py	6255	3826f480ad50523c38632af682ecd90568767ea8ec409bffb45b54637e182f88	active-backend
backend/apps/payments/__init__.py	0	e3b0c44298fc1c149afbf4c8996fb92427ae41e4649b934ca495991b7852b855	active-backend
backend/apps/payments/admin.py	170	4441fb905b4d1eb410cf42aac13d3cc417f1973330ad7679f51b8982f28c5974	active-backend
backend/apps/payments/apps.py	147	a072f13e0b0c2d525a49e75f6865e1ab061ac3d3631d0f4d52fd6b73c9ca66a2	active-backend
backend/apps/payments/migrations/0001_initial.py	2696	a5f8cfb69ddf07d9f17c9db94ccf95de405bb4234aa4e68611a5969fb7dff796	active-backend
backend/apps/payments/migrations/__init__.py	0	e3b0c44298fc1c149afbf4c8996fb92427ae41e4649b934ca495991b7852b855	active-backend
backend/apps/payments/models.py	2204	da7dca5eace363e39060737f7f9f6b979ca14343b04f61c5b71e791bce318528	active-backend
backend/apps/payments/mollie.py	2395	1c9a23ef59ff4db3f912b898cb4eb6b8afe1a20f8b661e1647b8369173b415e8	active-backend
backend/apps/payments/services.py	18711	0a14dda4a948668b7cbb1833e565b92ba4f917985b3960daf5b2713eb7a21059	active-backend
backend/apps/payments/tests.py	6786	5722ad184daa7e791dd53b434f86b569c0945b58e3d64a159e7d4a3710913adf	active-backend
backend/apps/payments/views.py	1141	5a90adb3f87198aa493c69afad8bfebe94cb305f6637b5291712f25900db3ca2	active-backend
backend/apps/payments/webhook_urls.py	150	d0b0d70de61d8953de7df7f4e156bc16a9420db662c5ca7e7e77f7a6db709393	active-backend
backend/apps/proaccess/__init__.py	0	e3b0c44298fc1c149afbf4c8996fb92427ae41e4649b934ca495991b7852b855	active-backend
backend/apps/proaccess/apps.py	155	f9abea8bfe267f836de988c6ac74df37ec46c54cd4e1de9fb598bbd789e8edfd	active-backend
backend/apps/proaccess/assets.py	925	458a0d67a6266a1bc7358982726f3f3af220fecdcdd45e880f5ee14d10acaa34	active-backend
backend/apps/proaccess/forms.py	141	db3bea15dd783d540c2fe2203f3af5d3761307bc78d28b818492a5dfefe4bea0	active-backend
backend/apps/proaccess/services.py	2407	c17beb5373789e85261364949bb62d7339d05f4f89538d052664e62925b01075	active-backend
backend/apps/proaccess/tests.py	779	c0edf4c1449ec0586d386372b2e5ecd98a80a19afe1bbca331e475ba09c59ea1	active-backend
backend/apps/proaccess/tests_integration.py	5991	fc5828dbaedb8045c746d76cc4cd7fdea2e51616954144094eede1952d077bb2	active-backend
backend/apps/proaccess/urls.py	342	a2d116fdb431956a07347fab0018fae54b9f32a2573259411bd8b37831c63037	active-backend
backend/apps/proaccess/views.py	7178	30a8700bf9aaf5e23ba61516742b76e1820d2f0b699a80690194c5f046e23014	active-backend
backend/apps/prompts/__init__.py	0	e3b0c44298fc1c149afbf4c8996fb92427ae41e4649b934ca495991b7852b855	active-backend
backend/apps/prompts/admin.py	488	3bbbd50b2bd2f976cfde1fe3329789aa78a289c08bf9c39645613120907293ea	active-backend
backend/apps/prompts/api.py	7695	9943c76df9b488dc82df935a7a0ec972b4fb168b3c9e956d74c3e4f90fe50fd9	active-backend
backend/apps/prompts/api_urls.py	309	877b24fd4742e85fa01da4bb1b9e236e7fd8f4d506f2b3f2bd161d1f0b7ee872	active-backend
backend/apps/prompts/apps.py	186	e854562f7d46cee776c8680a37f1713ede2e069061797b158ccc6bfd8517812b	active-backend
backend/apps/prompts/composer_core.py	10103	e3d0477acb8ef367ead84e66056f010725248b430b31e072257d3a6cae37279e	active-backend
backend/apps/prompts/data/free_legacy_tasks.json	5008	0558ab5ba433a8d48bb8025b76bbc3d957aa9cb202258fc6a30f67fef1cce4f9	active-backend
backend/apps/prompts/data/pm20_golden_logic.json	267826	5d8783a0b576aec96b4b994d4b958560c93d8493b46b8641780e07587a8fc0e5	active-backend
backend/apps/prompts/forms.py	7703	0ed67147a3802f3ac56c9b5c211624c93ddeb58734bb7423c7d1b325beda0462	active-backend
backend/apps/prompts/lifecycle.py	7577	a56ec75e476d7bc598f5f4c08af216fee302de7627319516ec16a381d887b4e0	active-backend
backend/apps/prompts/management/__init__.py	0	e3b0c44298fc1c149afbf4c8996fb92427ae41e4649b934ca495991b7852b855	active-backend
backend/apps/prompts/management/commands/__init__.py	0	e3b0c44298fc1c149afbf4c8996fb92427ae41e4649b934ca495991b7852b855	active-backend
backend/apps/prompts/management/commands/seed_prompt_catalog.py	15638	f1a45533cc5341816a81e416519a92ee4ba2655da0a321dac75c7cd6807153c7	active-backend
backend/apps/prompts/management/commands/validate_prompt_runtime.py	3784	fe1873b7d4c2b4ff42cb1dc4df8e7c289bb535af04cd152daeec493ea7f28d88	active-backend
backend/apps/prompts/migrations/0001_initial.py	12817	6d32b17ca051143ce77c97b24666205136bbdbcf15f267d11053c0465b68963d	active-backend
backend/apps/prompts/migrations/0002_studio_quality.py	7780	86a58ea9a75175aa4cc2f96077819c4830df5a2af0752a52c124bb9d1d14e1ec	active-backend
backend/apps/prompts/migrations/0003_rename_prompts_pro_applica_e75f93_idx_prompts_pro_applica_997686_idx_and_more.py	1202	753f7f86d257d3cfdb922cca6d6a468f7970754d65bec170fabeca943dc72342	active-backend
backend/apps/prompts/migrations/__init__.py	0	e3b0c44298fc1c149afbf4c8996fb92427ae41e4649b934ca495991b7852b855	active-backend
backend/apps/prompts/models.py	14484	eb46bcd7b3652214f5c6f4a5255e07dbf4604edf36936a49975f3ae46018a98d	active-backend
backend/apps/prompts/quality.py	4187	b0ba04e7381cd73a15f656414d8571560aee84b6331c1fbf8cc848c74af00ccf	active-backend
backend/apps/prompts/services.py	12830	2c3e460695af3e21ae01795560cde7eff2878b565fbf262d87a3808f1f44ff93	active-backend
backend/apps/prompts/studio_urls.py	1057	0727c47b1c4a4310990f10543966eab5205504a6c88e4f5379933c6554bb523f	active-backend
backend/apps/prompts/studio_views.py	12349	15bfdc1eb92510b75516c8186f850e70ddf9f6a8f3d782c4b56039806e51f6c9	active-backend
backend/apps/prompts/tasks.py	263	b7e07bacf9b0f37f7f8cb9e0aec876e76fe9a7da95cb0efee00e9dc436d72427	active-backend
backend/apps/prompts/tests.py	15851	495e4786d75f1f3cf9df7638b0c2ffa48cbcd698ed2b951179ffaed9369345a4	active-backend
backend/apps/support/__init__.py	0	e3b0c44298fc1c149afbf4c8996fb92427ae41e4649b934ca495991b7852b855	active-backend
backend/apps/support/admin.py	104	6541ed7ee16442bf6f0d8d59d78025d7ed97f594fbd6bacc8cf2183b45fc0626	active-backend
backend/apps/support/apps.py	145	0d63a14248ef6efbe33464ad1359e4308add42966a0b5927e4b08e7e7eb6b1ea	active-backend
backend/apps/support/migrations/0001_initial.py	1214	0f26ed01e27179024544bcb5dd4e2f8d5e4d617f5b76c54220d6de1d5baea1fa	active-backend
backend/apps/support/migrations/__init__.py	0	e3b0c44298fc1c149afbf4c8996fb92427ae41e4649b934ca495991b7852b855	active-backend
backend/apps/support/models.py	1000	23bfbf54b582411daecfc1dc747416ca44ab961e587904e1198ea5e4419a9439	active-backend
backend/config/__init__.py	64	40e9457320576e0813c9ec166611e979252a367aede83677fe5626398648cedc	active-backend
backend/config/asgi.py	161	e66806d324f24440dc47c97b9a870686dc47e2f5879aa61d1df7bb1c028bf25b	active-backend
backend/config/celery.py	221	99c9d65218b5b7ec9416eed0fb746644ca7aa90fe27223f166df94cea3fd6982	active-backend
backend/config/settings.py	8155	8b57aa8b8900f829b1954dcd026f55024765ed7123433ac07fce7a9ef0c9fe79	active-backend
backend/config/urls.py	1689	391594b133ccc7b9edef4edfc1c170a9d0d057a1e73c8a192ff4541914da0054	active-backend
backend/config/wsgi.py	161	25d3ac3de67e7a1e20c9cfed54bf208a378c7e634f426239c36c63cbabc22f36	active-backend
backend/manage.py	239	9bba94f103ecf4d96b7bb92b4efd737352b65e003b6d0d5dc20c2a97cb62e13f	active-backend
backend/private_assets/promptmaster_free_reference.html	110812	aada4fbb3461d3758c48ed808bf018716a53aa33baf81efb058412e63535b0a8	active-backend
backend/private_assets/promptmaster_pro.html	233404	aa7b2da53ba3cbcf9874b9b6f7381ea4c3e86ee1f9c09db186cbec6876a3c9cf	active-backend
backend/private_assets/promptmaster_pro_runtime.html	248805	29da4bb38b121ef585d07711e4e30966f1ae37089ffc01be048de7a2e821ebba	active-backend
backend/private_assets/README.md	303	260b610cc91d48508721f57752adabf25a442b8ab111bbee54a111a751d8ab16	active-backend
backend/static/brand/promptmaster-logo-reference.png	17905	5848c7bc83fa903f9eb2de1b8a3c8443a9dca937cf3659494d2db2d5a26ff231	active-backend
backend/static/css/app.css	9727	a0a74b3b25428c383c9c288be594e764e76319b27bfc74f2a7de9e165e4f5c7e	active-backend
backend/templates/app_shell.html	1062	7f7c3ebacd4e8c15a621656c8dc4ca2fe760c63833079836dd6d54dd279bcbe6	active-backend
backend/templates/auth/accept_invitation.html	1216	6f8563b0a815f54c31141767dc52c295dd67d7f47eebd1f875e61d4a9b976082	active-backend
backend/templates/auth/invite_confirm.html	273	c094a5b3981e2ef64b55cd1964cf3b3379c1aefef9dc3a2a221faca4f70f7036	active-backend
backend/templates/auth/invite_result.html	268	4a0c8067765cc7dd1dd144b51826f911038b0432dc2580822d38cb3e2310d8a8	active-backend
backend/templates/auth/login.html	502	c90d0d08f57ed08b875e612e59f2358ebdf58542292e7edb52e4d1861e93f275	active-backend
backend/templates/auth/logout_confirm.html	489	4de1f83a1c245ef9c04e713c414da7bb7626a58c04fccb933a20f8ae0387b10d	active-backend
backend/templates/auth/password_confirm.html	293	9280d3960a97fee353bba0c08e3236f3ba724dbbcc33b4552677bcf890a6be0e	active-backend
backend/templates/auth/password_reset_confirm.html	279	3d7d9c82a49d74ce5bdf2459c9ec9b581dbe3429fd956bbb58d09f96fd5b8522	active-backend
backend/templates/auth/password_reset_request.html	510	789b3d3ffb67e407cdf3e01899f76ea176f907f3507a5c6d93594e1adb34c57a	active-backend
backend/templates/auth/password_reset_result.html	429	11559ba77c0ac6837e6074bc5f41718b6b5fae3cde4053566f75840e95947965	active-backend
backend/templates/auth/password_reset_sent.html	321	9e77a17951127ba8fbe277551e8510086192efb5b504827119db8e87c8b92092	active-backend
backend/templates/auth/recovery_codes.html	256	3c5dd07c266cfe421b684cb631dda7f21a0dfa98ef679dd004720f6b56ae74a1	active-backend
backend/templates/auth/register.html	728	494d047563a651234c1b4a995a0e2767e792a830a5ca2e151173d67da5e09506	active-backend
backend/templates/auth/two_factor.html	436	8df0a762298070836fc3cbc44fe6a54e2c801d0f93aebf6fe14c79afde6fe8ab	active-backend
backend/templates/auth/two_factor_setup.html	466	dd7dd8aeeda9d75adde1104c689153361fd1de3c9327f014a3baaca4f3dbe065	active-backend
backend/templates/auth/verify_result.html	277	15ecb7f25910ed26c56abd056118b2772091126769f3eb645ce8ad9edb19a6cf	active-backend
backend/templates/base.html	316	be126fd05da864270df4661737e8707015f3724acc52fcba18f3944bb4da2616	active-backend
backend/templates/includes/grid_toolbar.html	2391	da53bad0adffef400100582b26f9d8795da8016ed9bd0edf6850d60b2378023a	active-backend
backend/templates/includes/pagination.html	865	ab8612bb290fdf8f4f4e33998c114f57088eb7f35b8f3cf09bf98ad90d01bcba	active-backend
backend/templates/legal_public.html	484	77e09fc30e13b6a4bfa42d1b3c4f439952dec2a043a5e2597139233f59c2712e	active-backend
backend/templates/ns_admin/api.html	1235	da72eb8c5979e8f13c9c6331a2aaf4cfce6dee86fb352ff7fb393c77e67d04fc	active-backend
backend/templates/ns_admin/audit.html	1194	62a98a5a3e95d8c815cc32044118bd27b88b3617aa962433dc77973c812abe44	active-backend
backend/templates/ns_admin/base.html	3248	293485cc7d3ceb03b9336ec78950226353b38a6b2963dc29b8de4146f0429a29	active-backend
backend/templates/ns_admin/content/faq_edit.html	468	cfbd88dc11210f15d48778ef91efe1965611cc47e86ed4248fa2ed3e4a4342a5	active-backend
backend/templates/ns_admin/content/faq_list.html	1650	5e1b7f19a30e31b0233989f39dcf99378a4e41c9ed341096ea2b77c1eee633b6	active-backend
backend/templates/ns_admin/customer_detail.html	1276	c447edb5398d4db1af239643e473d57fb01876ae20869dc74cb04a309231d1f1	active-backend
backend/templates/ns_admin/customer_grid.html	7826	b9989a5fb0e82f4d06f6e13d054cfc782a1a41301826ba4edb5eaa83d71e3433	active-backend
backend/templates/ns_admin/customer_portal_preview.html	1904	06f7afffc8869a92833fcad58bbcea141a1f14a292a09ece6141abad0948e46c	active-backend
backend/templates/ns_admin/dashboard.html	3377	c59fd7493bced652dddbf357eafd43a87575bfd12a811606f32942f25d8ad9bd	active-backend
backend/templates/ns_admin/email.html	500	78883c95cb8a2076f9d400723180fe87cc234c41c2e1bee095f2fca27dab9c7c	active-backend
backend/templates/ns_admin/email_log.html	1421	524c18f58bebbb519e7aaa3c0c46fd01bc3eb20ec9678bb5eaf2900f98f73734	active-backend
backend/templates/ns_admin/features.html	1027	5c339c80180e86b7e22989fcc827bf4d85f83fe1708af54d7c85e19beea6dcaa	active-backend
backend/templates/ns_admin/form.html	561	3eb75184c1434e04911ea40e06444a944366743e7a2f89f8b4a0a7c1ebe1b761	active-backend
backend/templates/ns_admin/grid.html	1721	30978da22e3552583f1339c61d5a1dafbead7b28c7b059abecc10d802e5cff69	active-backend
backend/templates/ns_admin/includes_customer_nav.html	1351	6b8690bd75aabafd00d178771ce88a0d8048ad99c04aaa5b7cdf56df8299d7bb	active-backend
backend/templates/ns_admin/includes_private_customer_nav.html	1289	611b88f41e1d8ea0e3b748e251a16ac9213a366b3024d781e56811970dde62ea	active-backend
backend/templates/ns_admin/legal.html	365	f10b4c0a5860944b8cbf3cbf85978c3943758a804230e92b7f928a65ab68f712	active-backend
backend/templates/ns_admin/legal_deletions.html	1557	8104d623a6176611fc6b31d1c8d1179e1e035a90757746fa92aa1c4316c79fea	active-backend
backend/templates/ns_admin/legal_documents.html	1367	ce793472a05f970719a6eb86880c0ce0d8d79b0fdc86a2c20ed7f5b248407034	active-backend
backend/templates/ns_admin/legal_retention.html	1239	85f3639791fd975a64aaa03da1f99796e62cffe97146b8f0017ae4197a5944d9	active-backend
backend/templates/ns_admin/license_detail.html	2769	edd1ad58b4c12db088cc9b9b36df81cc8cfa6083ec58ea2c57922fdc5ca9526e	active-backend
backend/templates/ns_admin/mollie.html	492	c52b282e9f7f77d91a793408f52e5fc782decafcf0fb738d78af16830281d0e9	active-backend
backend/templates/ns_admin/mollie_events.html	1367	28ddd06ef6e64d6106beffd6b2af7462d3ec02c3d143183bde38691ac46d6d97	active-backend
backend/templates/ns_admin/ops.html	1242	624156d3d2758a0c6c87d7f4e27409e63ca50c954456823c488ebc3d4676dfc4	active-backend
backend/templates/ns_admin/ops_database.html	719	66b21e4cc755b6983feb2355d4f38e17f042fba6e1790483239bf4046474445d	active-backend
backend/templates/ns_admin/ops_grid.html	2538	b44d102cb063326d2408bdaa797245df9dbf95c9d842c8b8c5d9658e56ba86cf	active-backend
backend/templates/ns_admin/ops_services.html	2107	d6ee418c30bb07f30bda981f9be96c14edba0eb60d412761cc31db2fc560014b	active-backend
backend/templates/ns_admin/order_detail.html	1576	191158be7ee888026b789a79c1f80ca7acfad9893b62e857dde28a36095cd36a	active-backend
backend/templates/ns_admin/payments.html	1490	762c465a1363048b7e207a895323e25396e021df7ea89871a106a8468708fbab	active-backend
backend/templates/ns_admin/private_customer_detail.html	1356	c596cc6c8dd43b73dce52467cf327de2176eeb78c9fbdf2b2693241194c2b962	active-backend
backend/templates/ns_admin/private_customer_grid.html	4506	ebad656ac23a92ce463c74e857d3aad9e80909c0bfe7c7147d9d449302e2e1e4	active-backend
backend/templates/ns_admin/product_edit.html	858	4c1da90c3448e459c73ca78fef31fd544cb4e6de9a7b89f777128a570c8f6dcb	active-backend
backend/templates/ns_admin/products.html	1551	1999d0fa1b62064500e3366076cf36b0db3452c243d77550d92bbec8de5fb7f2	active-backend
backend/templates/ns_admin/prompt_studio/definition_detail.html	1855	19ed6a7dce037c2d69d8988a068cce7bfb8b6b808ae0fb154e2c22e8fe3bdb00	active-backend
backend/templates/ns_admin/prompt_studio/index.html	2000	76b3f926a00bbef948d8d5949373b5489f649325dae364d607edefb93e95bb8d	active-backend
backend/templates/ns_admin/prompt_studio/quality.html	1987	afd7ca1155696684187749c1cdae534a38bf8fbf6c523aedb3b9cc4840dd81c9	active-backend
backend/templates/ns_admin/prompt_studio/quality_policy.html	520	fbf1ec1fff1d3ae377a33cb6c0e06baa854a1f3cd083f4e5130239d23f8d725a	active-backend
backend/templates/ns_admin/prompt_studio/testcase_edit.html	598	f6f5cc90167a9e5f18f1c8e2f4e428791dc0b1a82354b12a6ba3a182469c7b51	active-backend
backend/templates/ns_admin/prompt_studio/version_detail.html	6641	e32b0d395804416017188bfc09e9a642a085b52dd62f481fd79abe128e3defb3	active-backend
backend/templates/ns_admin/prompt_studio/version_edit.html	587	eaf47adc22768040903083b7c932f5ea447dea3558185a681f2324a31d8674c7	active-backend
backend/templates/ns_admin/roles.html	2083	b0d7e9441073a2e9646d02580172278d29e8ebaa912a254bb608fdd072d47cff	active-backend
backend/templates/ns_admin/search.html	1978	01c2ef1534e69e2de878fc4dabea55d31a6a5a8e66a878daedddd4a7be901d4b	active-backend
backend/templates/ns_admin/service_account_token.html	603	e925718eca563cf3199d428f3e858c216e6823838923b4bc0a287ca1d276a954	active-backend
backend/templates/ns_admin/settings.html	419	ec9a7f2c59f6ebcdee585acf956e0024e44e76ef23ce57145b7073175fd21af5	active-backend
backend/templates/ns_admin/stats.html	714	fb045f17096046ce9cf6ada192a6663a3e518f00c1f0d39480a15ee8871c9187	active-backend
backend/templates/ns_admin/support.html	1408	df6d343d153690fdadd84ff3b748a99223571b5f8242cd6bf7d6d1e963f4d1df	active-backend
backend/templates/ns_admin/support_detail.html	1510	bbea642f49787c7d5bbbca93497ca5524b079cb8e3471db3876f953547266dd6	active-backend
backend/templates/portal/assignment_link_claim.html	566	a39bbeda37b510cb314f250526dc9f0a124ef84ee5fb4bf1a666c09969d66cb4	active-backend
backend/templates/portal/assignment_link_created.html	680	565668800add9f18cec7b761eb345926e3d7f130001d6977eb3b9d460422c4be	active-backend
backend/templates/portal/base.html	2093	b516c0d8dcdb6b13a993911784481a6bfa1454f44d610f5e23d2f656f2ee5699	active-backend
backend/templates/portal/buy.html	900	f1335e7d9e4419e389f2bd430c6f8a7365c8ba48e633f46a81d8bf2ea24bb2dd	active-backend
backend/templates/portal/company.html	316	3d06e7f4815076397a242fb19dbbb82b93da4f24488c5e082df1651e9f97fcb4	active-backend
backend/templates/portal/dashboard.html	2417	c501cded809039460ffed35fc3c020f1f505c4ee22d652a22487e80e2c9f2836	active-backend
backend/templates/portal/devices.html	1697	568c397fb7b70263c41bdb7c8ce8b612461275d77bd52accd46916730014e54e	active-backend
backend/templates/portal/form.html	226	6da7e44a5e00b6421ea15a531563f5f2f51734890126400e237db99399fe2f0d	active-backend
backend/templates/portal/help.html	1077	8d1bef9f32b29f8a7794d83cc6feb02d2079e165913cdeb7834b753d1b7863d0	active-backend
backend/templates/portal/invitations.html	1831	e3fc15c9a9534b26410cffb8742abd740dbf235e351a25d0b827072319a634f5	active-backend
backend/templates/portal/licenses.html	1879	21b04e50a7c05a201beec24560361368fd635f8d022e72cc5f829f0b4894b71a	active-backend
backend/templates/portal/orders.html	1642	86bcd1b171a94e8716b9ba0e6e3039990301faa21943c7248e0e04b120c9876e	active-backend
backend/templates/portal/profile.html	2133	3ca029bef3e5dc359195687bfa52272362a5eae34b112512c23bfae997827375	active-backend
backend/templates/portal/renew.html	788	cdf24527050777f927ee446e11eb5e4139303a69a792f03cf59c7ba860ac6a31	active-backend
backend/templates/portal/security.html	357	ab26737e33f2d55622e372bc6220610c044464d29fe6004f5bd8cbc99f282df1	active-backend
backend/templates/portal/team.html	2393	52bd8ad5cc77b3310e497b20ab2b67d3191cf84aaabc9407acee29d2858d0500	active-backend
backend/templates/portal/team_member.html	1975	dd31bc5dd1a93c66dd6e8d6e339a16353845b1ac9df2dff79932e1eb3aee0d5e	active-backend
backend/templates/proaccess/asset_missing.html	485	d121523831ca1d8bdc79af3146e94626b3aa02aa47545c07e2a7e66bc3306138	active-backend
backend/templates/proaccess/register_device.html	646	95847c5740866f0c13fb8cc9d455c740cf222bff19797d950a4e643db14d737e	active-backend
backend/templates/proaccess/renewal_warning.html	1145	e7e3cc0e6d84654fc9e30d8100479dbf5c4e21ab0c6bcfdecef32b71b3eb26f4	active-backend
backup/.dockerignore	45	84303944760859bc8461474d428cb1d985333a2f2b748f664bb096211d06442b	active-operations
backup/backup.sh	4890	d15a8465b599877b4926603401000d7ea2bbc082fdc20177cb199e5293e748fb	active-operations
backup/Dockerfile	215	0ae4e8693318177d9f902536467330e879e8fa2fd576c8031fc785d880083c2b	active-operations
Caddyfile	2295	2474d0474498c02a1fe8d3661119e12c48e6ebc0b6550677619cda93944b2da9	repository-root
compose.production.yaml	149	892d9a05cb62b80de558541dc45b5804a72a39b4541fc23c6a63b0d5801f8f1c	repository-root
compose.staging.yaml	654	45328bdb64d1d4dc2dc46abe30f54f84c589d56e516c00fb5fd1d5a492b4737b	repository-root
compose.yaml	4095	44acc78438124f6acb1e30db2a558e2de1eb66012ad903650843dc8c171e6306	repository-root
Dockerfile	672	f7d131ec42cb4503cba4775915838c477b43e4c8f1727289b8849fde04b11494	repository-root
Dockerfile.caddy	291	547c367f14227de8814c43d7ea32a1ba85982a58af55d8e04b1a4875b5bbd809	repository-root
docs/CHANGE_PRODUCT_SECURITY_02.md	3466	527a01e882c47d102fee6a52346dd8da435e5a7afb48d54dd09143c81767fa5a	documentation
docs/CHANGE_RC11_PROMPT_DOMAIN.md	3180	7d97a90f8fca3fc9bb6d6ca9929a9488272ed3bc0db6229e071437004b3f9a97	documentation
docs/CHANGE_RC12_STUDIO_MCP_CONTENT.md	1081	bb540eec17e653a6d8ac4ba5cf328561cbc2b667d6b8132ea0a297eba0c87738	documentation
docs/CHANGE_RC13_RUNTIME_CATALOG_GITHUB.md	2158	9c83d3fecc1b4c9a7c1e275e3528a72ed8436678a7d91d29997b816a74757490	documentation
docs/CHANGE_RUNTIME_HARDENING_01.md	3811	5423e1b6007e3d96136acf8b908110b160505a62c8024837a4c20e7ee1c4c79f	documentation
docs/COMPLETE_PROJECT_SUMMARY.md	6781	41cd168018d66b6d8f383b89c1546506a1b84deab2acfefa2d88bdc8becf48f0	documentation
docs/FREE_LEGACY_MAPPING_STATUS.md	1149	82366c94b3f9fef0c66608c8c1fd7787af322d0880f6fe2a91ca4605cf092ab7	documentation
docs/GITHUB_READY_STATUS.md	2484	bf7aaa5bf0395e1b8730b163d3654e831385dfddf0bf0a201a7659ce0e29f366	documentation
docs/GITHUB_TRANSFER.md	1010	101072d2565c77b4d27c430cda9680476bf836d3e85ed788413bbed69fd66333	documentation
docs/MERGE_PROVENANCE.md	2070	7c7f4dcf463bf76697836014550098a37b58c50bb8d43ac99af3a2e386946ee6	documentation
docs/PRIVACY_DATA_FLOW.md	1661	9522d161deeb2c9bfd7f3da1cc177d380adb68b08d5da4ef8185edf7cc4dc859	documentation
docs/PROJECT_CHAT_FORENSICS_V3.md	937	b716908c1c311afec8d531b34e6706294eb8ae2af13db4004530af3ba7549ab1	documentation
docs/PROMPT_DOMAIN_AND_COMPOSER.md	5754	61ff2dbd21ff70f2d74a2ddab6408517f28e79ad3abc2205daf97665739d641e	documentation
docs/recovery/marketing-2026-09-06/content-freeze-reference.md	21028	b98b8b68ef2acdb8754e20ae195c718526c4b65d3866fed7925cf64310a53058	documentation
docs/recovery/marketing-2026-09-06/free-live-reference.html	71799	a7586690d84ad4a549ac7e1498fdd0333b36c9c024ab5b7a98044a2b689b7f52	documentation
docs/recovery/marketing-2026-09-06/pflichtenheft-reference.md	21194	8a5e4efcd698eba9f49ea70c76da09765dc5ac30420e7d82e653c7e5ae5a4b5e	documentation
docs/recovery/NEW_INPUTS_FORENSIC_ANALYSIS.md	40159	45a9827be5be654f9fa22533721f72d0a784c3c2ae062db001ca5a58d09f928f	documentation
docs/recovery/PromptMaster_FORENSIC_LIBRARY_AND_ARCHIVE_SCAN_2026-09-12.md	6852	15c9e8e9f0cbc4fe7c5dfe0f3e2e872ccdd9e8379059000dda5fdaba32495326	documentation
docs/RELEASE_GATES.md	2323	86508aad791e67d02628c1ff840f681674990e656a83fdbcbe9730e342a77b8a	documentation
docs/REQUIREMENTS_STATUS_V3.md	1387	c8a00e1af07c6032f7b45c679f88defc7693e5a6650330dfb5ac2595e2237123	documentation
docs/SOURCE_OF_TRUTH.md	2059	01408c2217b1cffe1e4e45ba5418882416f491a466272da55dbb6a27942d63ae	documentation
marketing/.gitignore	422	693206ff1889de27cfb858e5db0b6bb8b583e8a67da04ba5fe9fe01481d7e940	active-marketing
marketing/.openai/hosting.json	128	f0edf586980b4bf42be68c4d7f4d8da814e74fdcbd08ca034113d989b247f57d	active-marketing
marketing/.oxfmtrc.json	260	0962fdddb1840a06b5afb918ff3f2ff56bce346082651ec5c3567c01dd809f17	active-marketing
marketing/.oxlintrc.json	1370	1a7aa1c7d83b05939e4e697eed9316224caea8958c4ad12837f8be740c13a47d	active-marketing
marketing/components/ui/accordion.tsx	2742	20df8ccd965c317376fd70c39479b3ddca376ebff40f08ab6f684f51a2afedb4	active-marketing
marketing/components/ui/alert-dialog.tsx	5488	b78e7cf80ba49b90e9f69184eaa7090026d9783eaa7761060c693a945a502d4f	active-marketing
marketing/components/ui/alert.tsx	2136	f1f30d8da19c09ef99054886461c82143f168bbde04009a6f16b609f8af93f04	active-marketing
marketing/components/ui/aspect-ratio.tsx	428	fd7999d9474e909cc9272f6c633c1266df0da86613985db1dc724f3371f8b4dd	active-marketing
marketing/components/ui/attachment.tsx	6339	20f4518e6dde10e1ef09b681d8f60a07fb9af80c76b9153b644725b2553cbdb7	active-marketing
marketing/components/ui/avatar.tsx	3165	5f701c7947c299126ddab74167e9bfee29c0369ca8ffc2815da48b69874eecf1	active-marketing
marketing/components/ui/badge.tsx	1986	052b4c0fbcd05b23eae84f124b8a868d79f97ee934e16e8546a60a392601814c	active-marketing
marketing/components/ui/breadcrumb.tsx	2724	e68407a81a9ec90bb24ad4189fd2d6284ad07d8c86e474c28686174d01326a88	active-marketing
marketing/components/ui/bubble.tsx	4956	32b8effc1af0751877bbed4653db9d9b056a08ed241aeb9d3ac662879bac6e2f	active-marketing
marketing/components/ui/button-group.tsx	2581	6d4c96965656a8de32c00a6d4eccb3ba9904a2a4ebd04c4b849f3085fb379f27	active-marketing
marketing/components/ui/button.tsx	3305	3bdad93ebda47079beeee08aa9068455ed7792e4f595e66ddc47f66af6f133b1	active-marketing
marketing/components/ui/calendar.tsx	8734	63d2ec465a37a791692d50448e9f2315fcf16ef686452f99bd2931604fdb4063	active-marketing
marketing/components/ui/card.tsx	2748	92bf70bdd72e77c121d76af37ce356c70cf175395fd7762e8556343988670955	active-marketing
marketing/components/ui/carousel.tsx	5969	d00e374d1a5f514798a95c45d9cf5867169bd2662456d5a9855c0651a1bc93d2	active-marketing
marketing/components/ui/chart.tsx	10954	972d198a105b3063a7226f79bbecc455ea44f31fb1e64be9f8bde1cbf1451371	active-marketing
marketing/components/ui/checkbox.tsx	1566	3215e1b81f76f6473faf8ee45ff2004cc458bbc216213707d1ddaccefb17d009	active-marketing
marketing/components/ui/collapsible.tsx	685	3eb3ee736aaaef892aebbf51d9d676c89f8642d278b3f46fad6760e22cceb5fa	active-marketing
marketing/components/ui/combobox.tsx	9435	8cb5fd7d7ad0c39c8dbf9457ead815396bc6e907250ef8a56fb097b9a2fb05f0	active-marketing
marketing/components/ui/command.tsx	5222	b421fa62b0013f4dc4baeb04bbddeb841406cbca8c9df4804aba83e55e11640c	active-marketing
marketing/components/ui/context-menu.tsx	8438	2d15c8755aebca4ec661c3a8b0437c7f9a1ba6c304337edd9f69a9aee38361de	active-marketing
marketing/components/ui/dialog.tsx	4246	f732b9a008dd9ffda5c6377d07f1846e063a5fa21854a0a648df102b715c58f5	active-marketing
marketing/components/ui/direction.tsx	111	678a0fcddf8a404ca74374ad7d08151fbd0ae64bd758906cb231bb21c6829553	active-marketing
marketing/components/ui/drawer.tsx	11624	f5053cf5f354e184de33ecef4038498d15b279176c45c5a071c92d315520094b	active-marketing
marketing/components/ui/dropdown-menu.tsx	9081	dc5603c124190132b0034e212ee7e28279a8f6f2c5aa02b2052cf2a937502bf4	active-marketing
marketing/components/ui/empty.tsx	2519	2300d1409ebb5dcd440d7d9ed7608fff54340026825d3fb044097a526f8474a1	active-marketing
marketing/components/ui/field.tsx	6541	f5bd4e8d824d9c14bb6bbe2a4415e1c752506a9b672da86e7d47ebd664f1813e	active-marketing
marketing/components/ui/hover-card.tsx	1914	d6b7c9e5ed51a17c45f376fe5945d4d2c48727d2a6491cf218660503923596de	active-marketing
marketing/components/ui/input-group.tsx	5447	a135a094cf93fd94a8c5bd062c182078137e0a59b2af944dc6af5e5a51a8a3c8	active-marketing
marketing/components/ui/input-otp.tsx	2644	b847456b73ae795b55bc8f23a2d2c25bb637d9d435444d11101f9f41ae61fbb4	active-marketing
marketing/components/ui/input.tsx	1066	9ba5a924b7b430dcd88a3ddad591854a467299e833d7046927e0bf74c78c6ea8	active-marketing
marketing/components/ui/item.tsx	5089	94ffd641acef671d225d5e345766ac34c684fc6042bb7b447af669ee82610423	active-marketing
marketing/components/ui/kbd.tsx	868	b9b9eadd3b2510d88e0c2442bd07bd6aaec477dbd07a2a0375abd9714f9f8919	active-marketing
marketing/components/ui/label.tsx	544	dd56d728bc68f25e0f2d3d484139a0fa9479e5ceec76410a7505c36745fff494	active-marketing
marketing/components/ui/marker.tsx	2033	8c393f64a0434cccb527c6338903da7eb34015e0d8431e0a0c4f6a72051962b8	active-marketing
marketing/components/ui/menubar.tsx	8599	1cabede602d38da170766297b39da60d686caafee021ff5d37714d11b3b474d9	active-marketing
marketing/components/ui/message-scroller.tsx	4200	250b38e09a6459037db02209671d855eea2955d7d1d5765c489a0f18566a8ba5	active-marketing
marketing/components/ui/message.tsx	2338	7b9ae2dacc508d421036a5490d6d75c6da975e05578c91389c272e5f7dfc584b	active-marketing
marketing/components/ui/native-select.tsx	2198	adc7e4ce047d7e619e9f3161eca2e4dc197399429d8f474a948f2a957a603971	active-marketing
marketing/components/ui/navigation-menu.tsx	7607	042d5b109dac67727565aa465118cac76c80805856cc633aa6c312409168e346	active-marketing
marketing/components/ui/pagination.tsx	3061	837976b6d017f66459b5adf83977e2a9ada3bc100a0ecde76a6e74dac47802b3	active-marketing
marketing/components/ui/popover.tsx	2676	27a4e51e2695645ba20f2cf113625136e9490cdba4f2470a042388279fd02c56	active-marketing
marketing/components/ui/progress.tsx	1834	bcc086c23be7e9a4cfe8a65444b8f5d949e29ff9ca38e1bb522b34d68f04035f	active-marketing
marketing/components/ui/radio-group.tsx	1881	1d14450bd2792430076a0e85c9b5d85adb51bceebcd7e236554076884a1c3dd1	active-marketing
marketing/components/ui/resizable.tsx	1731	e79b3499dbc4e4c67ebb5174334ce099ab2c9e8d76e0d3e907d4388b7b3490e5	active-marketing
marketing/components/ui/scroll-area.tsx	1687	e628b4da20e27815310ab4d6a525ce56e959cc4f18a34f98ae47563d81f03cd2	active-marketing
marketing/components/ui/select.tsx	6902	73ee89922eb71a384a579df681c1d512d92038d156590377b2485369566284f9	active-marketing
marketing/components/ui/separator.tsx	576	bb831d9511be1f318d4e058db0692399727ab56d88f6650977377ebacbc93b0f	active-marketing
marketing/components/ui/sheet.tsx	4583	3c46175017296d486e6e5538a489c011f9977e60b67e37e1682a956b502865be	active-marketing
marketing/components/ui/sidebar.tsx	22502	b4c1061287417b4665ca44c1b9b51d53025dd9f4b2a26b4c994dfd6d4865c7a0	active-marketing
marketing/components/ui/skeleton.tsx	291	7e213f989652eb736739dfcf5248335504547a594eeb7869c55e8c0621fc6966	active-marketing
marketing/components/ui/slider.tsx	1931	f76dd9625b6453c9c761f651890d0324cd9b6bd181ac6b6b4a385bafd13fb61d	active-marketing
marketing/components/ui/spinner.tsx	376	bc1b1480fb37227bc66c69eed050585113fc37ce9e0c4e16c42db9f98b6994db	active-marketing
marketing/components/ui/switch.tsx	1850	cda57e3b380185d3ffe4195856bc533f595eccbd01b103a2bb1d9a0635d6c51a	active-marketing
marketing/components/ui/table.tsx	2534	0dba4e4cc69b8ca88c106096d16a6b7a20308a314b997b26b4b1266a202591ff	active-marketing
marketing/components/ui/tabs.tsx	3592	e9e02515c9212cfd5fa149f67668c4117a0b1b961c9752eaa4d7547e829da998	active-marketing
marketing/components/ui/textarea.tsx	865	bd2878c7058d27bca7d97a01cc4dd4868e097184005ebf8b4176db93b2f3e22b	active-marketing
marketing/components/ui/toast.tsx	7582	078c918d7a63cfc2de51c7b5ad8510b2182bbb4b21f16d9cb6b7f11bfee9e8f8	active-marketing
marketing/components/ui/toggle-group.tsx	3290	6a84a2acf3ab88692c568a62be8198a26c0c5a58084bdbf19d17b1efa3f68726	active-marketing
marketing/components/ui/toggle.tsx	1815	4cec25dd824d7534b1f79c68c27455136fcae594a4df2c3b43fde0b6a2035b82	active-marketing
marketing/components/ui/tooltip.tsx	2921	7667acc0cbb79b9daad94af6bb694fb6840b5bd1395e7e60c68c0fb63af9c4bd	active-marketing
marketing/components.json	516	9928283696d86836422959a2c520df83a718d31ffbcab533a14ca8dca2c8d475	active-marketing
marketing/docs/design-corrections.md	2339	a510a474cb54738bc2b53018382c37abd5dbb4ebcf80e036e676d087b12868bd	active-marketing
marketing/docs/validation.md	1720	a0d0ea74a2a95594726168f1629b3c3c420db666fae4562180ca5c8627fba496	active-marketing
marketing/hooks/use-mobile.ts	585	82bff42ff087bd5dc90a5d17609cc428b8688de92d1333073a839af5ad3c9cbd	active-marketing
marketing/index.html	4161	ca540a7c36893b89f4d31600daad12badadb9f306d6f56e2daa009aa83c4f1d5	active-marketing
marketing/INTEGRATION.md	1209	46dd7ebdf99e5481e2e39aa807ada646a2133c9cc3376580004fbb573db024da	active-marketing
marketing/lib/utils.ts	169	9304a861c8673bee09e0f12de31773abbde503b02e59dfd74763ddec2e37cf05	active-marketing
marketing/next.config.ts	104	d063bebef3a4878ae82f9f9547c2c9675b8b6945ab23702932dcb63a011a9fc9	active-marketing
marketing/package-lock.json	347285	85ebf234b206e78f035635cafe8435804075d2d458bb2189c0a424eafee10e4f	active-marketing
marketing/package.json	1713	7e04a495c54d014b6cab1ac4c1fcb47ee7f5f93046a43ff2056f71f4d60a456d	active-marketing
marketing/public/_headers	190	b9201f6a9456864da5620b1a6828b9894171d960f123da891f97f6ea81410e94	active-marketing
marketing/public/brand/design-reference.jpeg	238669	2bfb44f2d888e463e7f9e9b581b02d775d59506146aa1d6b5b027e8bef889340	active-marketing
marketing/public/catalog.json	297	7b8ccc92bc3b74efd64fec82c9b6669908cc83cd8f3a6f8972ce8e9a59badcb3	active-marketing
marketing/public/favicon.svg	276	ac387f455ca1a1724da9e92a8dd71c20cec454c80fa9476f65da4a08667ad0a8	active-marketing
marketing/public/integration-patch.js	2672	342afd2b3f10199e7078bd2e50a1f3a0e8caeb67eb72ced90cd6282cbf2b5908	active-marketing
marketing/public/models/ATTRIBUTION.txt	536	c7703919fd81cc92c73c6f947cadb242e66e54e50f68e8f921b09139f083e864	active-marketing
marketing/public/models/head.glb	404976	402b8a8ac9f03232e6d64b5962929703a069daf99d3c49ac8eb0e48bedc9c576	active-marketing
marketing/public/models/night-landscape.png	1823026	8f05bcac2709089321e59d57dac4dbbe0d6295a6ed5b550c930ea9d530bb274a	active-marketing
marketing/public/robots.txt	26	331ea9090db0c9f6f597bd9840fd5b171830f6e0b3ba1cb24dfa91f0c95aedc1	active-marketing
marketing/README.md	4310	42c11ae422f35b9bcd4acbca2b2841cf8e61d054aeac71b6f9f1e9ff6e8de455	active-marketing
marketing/scripts/finalize.mjs	1634	145249076356484d516e998abe59aeea6e1eb7f6c3313160d44982fdc03c8024	active-marketing
marketing/scripts/redesign.mjs	5273	51a9424cf1ad8255166fc6702a7255a938a9aa65cc1ce5c94c0852b3dfa48ded	active-marketing
marketing/scripts/verify-golden-master.mjs	539	6032f8feb0a6a841d2b9ecd051bf0f75c43ccbb06ccfca05e93716ccd26d4409	active-marketing
marketing/src/content.js	13670	3134994be96e0c6fc754eb816736807ed83f230cbd240db57cdf361fe722ff22	active-marketing
marketing/src/faq.json	4883	3e0b3cd9431cb78039ad2e0c831f1e2814ad04a71b102c570af3b5b4f117e66e	active-marketing
marketing/src/head.js	10732	e8d0828c440925b530237840c1ca5b25e6cf14cb1554582caa1ffc2b053536f5	active-marketing
marketing/src/immersive.css	11719	a8ae454f459e60cd49caf0d63fbef27fff2d1c3caa8acab0f282840c390d83df	active-marketing
marketing/src/main.js	7135	4e7384af847fe93c63adbb80b8127984093a3dc64c2631b2aefe49df0d33e0de	active-marketing
marketing/src/pricing.js	1282	9fc3a5c2d5b3cf3c77a6d9134a9f793c4a4e2cb335525ef9143ae79a79f1a595	active-marketing
marketing/src/style.css	12405	3d988513866d314d8dbe2f3ea7bd36a2bf2da343cf2eaf32517c1b7c4621b3bc	active-marketing
marketing/tests/content.test.mjs	2108	736ad916eed9b003aa8c80934415d10e440785b59890c9bfdf468b86eb0ac23a	active-marketing
marketing/tests/pricing.test.mjs	1751	4116dfe61d2d27a6199392a4d11368e1b5cffdbdedfd98c33ac602c3b537ec59	active-marketing
marketing/tsconfig.json	671	81aca06cd76be09d9b65c7dff6a031c38664263b506ea792a28f36b17be25f2a	active-marketing
marketing/vite.config.ts	1807	3c028e727dde6c92022197ba7241a424ccd1e3d335f1f46cc9bbf91a8a3a968c	active-marketing
marketing/vite.marketing.config.js	147	a22333fbc3ff592a131ef4e2d9028cec3699059f4d185b38e657d3be58b4d04e	active-marketing
monitoring/prometheus.yml	383	db1365580edfdbfcc703ca7921e623078111e3794a291de81ec1458f39f4fdb2	active-operations
product/golden_masters/promptmaster_free.html	110812	aada4fbb3461d3758c48ed808bf018716a53aa33baf81efb058412e63535b0a8	active-product
product/golden_masters/promptmaster_pro.html	233404	aa7b2da53ba3cbcf9874b9b6f7381ea4c3e86ee1f9c09db186cbec6876a3c9cf	active-product
product/golden_masters/SHA256SUMS.txt	177	b33327f70e01297aa8bf29058651f9bb4a3349731c50533d7415eb0a46bde6ac	active-product
product/runtime/pro_server_bridge.js	15382	8637cb60a75f7bcf965492d1f7f0876abde37156c957d7289857a54543fe99fb	active-product
README.md	6011	d8ffbf46bb7cc79061ed383bfd75e81bb21389fc13e32c3974fa08d928ab0c92	repository-root
requirements.txt	237	06d85cd19b2de162c7038cfb3521f4e084eec43296d492c92d74aba6c5b90476	repository-root
scripts/backup.sh	147	cc1f10ae86c448fddce11c3e1059368f85133463aedffd3573b76ad1ee1e1d14	active-operations
scripts/bootstrap.sh	2154	497111c1d25b5e5cd480a3c8b3091af6e80ea2d29e425a13d3ba8e46c4c38f90	active-operations
scripts/browser_marketing_smoke.py	4590	faf6638591f1aee495efa685bb344d8f1f81a9ec9a85ffca09bd551a2f12831f	active-operations
scripts/browser_runtime_smoke.py	7502	1802d41cd48ed94611036c4463cf89c18941f172ad7bcb5ae2f2936161287d72	active-operations
scripts/build_pro_runtime.py	1829	b7ec105e2e04c868c172a89c7ed9661a7aff6f6c5bae809f766474998b5dc9b4	active-operations
scripts/deploy.sh	1728	313e749dad62cf147a5c1ec9286a18283ff12bd36b85d5d120650bf03f974681	active-operations
scripts/diagnose.sh	137	86b08add1d4a6baa7b65e86be9ff9d193f1ba16e1e8f965297953d8bfeb127f5	active-operations
scripts/generate_file_manifest.py	3183	74c64e3a2c7c84ff5011e56ceadeb0315e0a0bb5faa892cdd1ea93805012bfaf	active-operations
scripts/github_preflight.py	3409	729b71a25077472e72193e916476fb6ca791235c84683cac0cfb65c091866e7e	active-operations
scripts/github_prepare.sh	859	b3ba2e8d6107c0d965252660f542d9a551422ad605f73ab67daf9e3c79d7e7cc	active-operations
scripts/prepare_env.py	4319	1f509fa0d8c62a46bf3f11f1d0f1cbaf9d6ca27938c1134cfe6ce50dfd219350	active-operations
scripts/restore-test.sh	1017	73a537bc855d33ba896337fe147b2dd07fa1f58a0621a374e174a1d828ec2854	active-operations
scripts/runtime_validate.sh	5701	437ec9a379f05f68f68c906fa27c6446e46525ed442debd5fbd63cc24726ad8e	active-operations
scripts/test_backup_restore.sh	1531	0541a5ebc0184231bd1439793cfc4a41b4a26817cfdb005c9f36534050af88a1	active-operations
scripts/test_runtime_config.py	1666	342993a4ef369f3e2810f4691cd3e65a6d1ebf6e2fbb5f9381b1ed9eae85afe7	active-operations
scripts/update.sh	102	75036bf3dc461ba0d307d05faa1d1ad3317c8657071ea532a3b9bc5dfbe2a786	active-operations
scripts/validate_env.py	5909	fb52eb72749c7ad402885a0ab8ee5f87bc5e0d96f002e3b6318d3b099f391ec1	active-operations
scripts/validate_manifest.py	5115	bafc14c5ae5cfc66aa42a1429c5b2c7743053d58961a0c02586b50044712ad9b	active-operations
scripts/validate_marketing.py	2832	1b38181beab072008432474fbf71189f34583f1f4c4f9e17c97487285522fc15	active-operations
scripts/validate_prompt_assets.py	2333	20bb772ad5f002feea80c4df34bc776b0904d329399eed9d26891fce335bb924	active-operations
scripts/validate_prompt_domain.py	12994	1eb0def7f86cdf439a3ebe1562c64b1cb2add41cb9cc49a6ec5e9aedd45437ae	active-operations
scripts/validate_python_syntax.py	678	b926acbde0950f5bb3af7abb3b4cff18e1806ec06113c96cef4f015da44cc222	active-operations
scripts/validate_repo.py	6619	a4338dbcc5b73d3df8958a7a412c16cab948431c898355d113ae6821ac3fa302	active-operations
scripts/validate_runtime_catalog.py	3117	83302c1578475251124ffb03abc35ee927de86d762c7d336e8772884b05201d6	active-operations
scripts/validate_runtime_config.py	2729	dd774712781c97d31459756545eaf75ebcd6c095556e006597e1228a1d5bb770	active-operations
scripts/validate_static.py	22281	13e134096521ed213c085b11d3c69acd9d8f01f053d6a49d0685d2abc393cc87	active-operations
scripts/verify_golden_extraction.py	3748	1aa625fab07622a8a78caf15a574038243ab1d1c621b6baa706dcb4fbaa76c7f	active-operations
SPEC.md	46369	e5e6491322fc8d75c5086cc737743cbb55d0e7dcf806e515e5d62a8791d248fc	repository-root
tools/recovery/v13-exact-exporter/PromptMaster_v13_EXAKT_exportieren.cmd	298	ccef1271973a6381439d13384f0b787bbde4314c0763e705750002c00c7f331e	recovery-tool
tools/recovery/v13-exact-exporter/PromptMaster_v13_EXAKT_exportieren.ps1	7538	357e641b945e63ea473617dc58ac7b8c83167723509d04cae06c5104d3f52321	recovery-tool
tools/recovery/v13-exact-exporter/README.txt	492	98d56838c1fd5cef19098eb1c52ecda42e2f4bdb2c9a355f736e961e4975d660	recovery-tool
